USE libcat;

INSERT INTO author (id, fullname) VALUES
(1, 'Джордж Оруэлл'),
(2, 'Людмила Сарычева'),
(3, 'Максим Ильяхов'),
(4, 'Артемий Лебедев'),
(5, 'Джоан Роулинг'),
(6, 'Олдос Хаксли'),
(7, 'Айзек Азимов'),
(8, 'Френк Герберт'),
(9, 'Сергей Есенин'),
(10, 'Владимир Набоков'),
(11, 'Марина Абрамович'),
(12, 'Николай Кун'),
(13, 'Энн Бронте');

INSERT INTO book (id, name) VALUES
(1, '1984'),
(2, 'Пиши, скорочуй. Як створити дієвий текст'),
(3, 'Ководство'),
(4, 'Гарри Поттер и философский камень'),
(5, 'О новый дивный мир'),
(6, 'Конец вечности'),
(7, 'Дюна'),
(8, 'Сборник стихотворений'),
(9, 'Другие берега'),
(10, 'Пройти сквозь стены'),
(11, 'Легенды и мифы Древней Греции'),
(12, 'Незнакомка из Уайлдфелл-Холла');

INSERT INTO author_books (author_id, book_id) VALUES
(1, 1),
(2, 2),
(3, 2),
(4, 3),
(5, 4),
(6, 5),
(7, 6),
(8, 7),
(9, 8),
(10, 9),
(11, 10),
(12, 11),
(13, 12);

INSERT INTO keyword (id, name) VALUES
(1, 'фентези'),
(2, 'фантастика'),
(3, 'aнтиутопия'),
(4, 'Саморазвитие'),
(5, 'Мотивация'),
(6, 'Креативность'),
(7, 'творчество'),
(8, 'лирика'),
(9, 'автобиография'),
(10, 'история'),
(11, 'роман');


INSERT INTO book_keywords (book_id, keyword_id) VALUES
(1, 1),
(1, 2),
(1, 3),
(2, 4),
(2, 5),
(2, 6),
(2, 7),
(3, 4),
(3, 6),
(3, 7),
(4, 1),
(4, 2),
(5, 2),
(5, 3),
(6, 2),
(6, 3),
(7, 2),
(7, 3),
(8, 8),
(9, 9),
(10, 9),
(11, 10),
(12, 8),
(12, 11);

--------------------------------------------

INSERT INTO user VALUES (1, 'Саша', 'my@example.com', 'password');
INSERT INTO user VALUES (2, 'John Doe', 'johndoe@gmail.com', 'password');

INSERT INTO role VALUES (1, 'user');
INSERT INTO role VALUES (2, 'admin');

INSERT INTO user_roles VALUES (1, 1);
INSERT INTO user_roles VALUES (2, 2);
